{"cameraMode":{"drawMode":0,"name":"Shaded","section":"Shading Mode"},"sceneLighting":true,"audioPlay":false,"sceneViewState":{"m_AlwaysRefresh":false,"showFog":true,"showSkybox":true,"showFlares":true,"showImageEffects":true,"showParticleSystems":true,"showVisualEffectGraphs":true,"m_FxEnabled":true},"in2DMode":false,"pivot":{"x":1.1598470211029053,"y":-2.151320457458496,"z":45.16374969482422},"rotation":{"x":-0.11846178770065308,"y":-0.03248627856373787,"z":0.003852509893476963,"w":-0.9923661947250366},"size":10.614704132080079,"orthographic":false}